kind,key,count_or_value
class_count,0,60029322562
class_volume_frac,0,0.4367708065692568
class_count,1,77409630910
class_volume_frac,1,0.5632291934307432
bit_infogain,B_0_4,1.0
bit_pvalue,B_0_4,1.0
bit_infogain,B_0_3,1.0
bit_pvalue,B_0_3,1.0
bit_infogain,B_0_2,1.0
bit_pvalue,B_0_2,1.0
bit_infogain,B_0_1,1.0
bit_pvalue,B_0_1,1.0
bit_infogain,B_0_0,1.0
bit_pvalue,B_0_0,1.0
bit_infogain,B_1_0,1.0
bit_pvalue,B_1_0,1.0
bit_infogain,B_2_1,1.0
bit_pvalue,B_2_1,1.0
bit_infogain,B_2_0,1.0
bit_pvalue,B_2_0,1.0
bit_infogain,B_3_4,1.0
bit_pvalue,B_3_4,1.0
bit_infogain,B_3_3,1.0
bit_pvalue,B_3_3,1.0
bit_infogain,B_3_2,1.0
bit_pvalue,B_3_2,1.0
bit_infogain,B_3_1,1.0
bit_pvalue,B_3_1,1.0
bit_infogain,B_3_0,1.0
bit_pvalue,B_3_0,1.0
bit_infogain,B_4_4,1.0
bit_pvalue,B_4_4,1.0
bit_infogain,B_4_3,1.0
bit_pvalue,B_4_3,1.0
bit_infogain,B_4_2,1.0
bit_pvalue,B_4_2,1.0
bit_infogain,B_4_1,1.0
bit_pvalue,B_4_1,1.0
bit_infogain,B_4_0,1.0
bit_pvalue,B_4_0,1.0
bit_infogain,B_5_0,1.0
bit_pvalue,B_5_0,1.0
bit_infogain,B_6_0,1.0
bit_pvalue,B_6_0,1.0
bit_infogain,B_7_4,1.0
bit_pvalue,B_7_4,1.0
bit_infogain,B_7_3,1.0
bit_pvalue,B_7_3,1.0
bit_infogain,B_7_2,1.0
bit_pvalue,B_7_2,1.0
bit_infogain,B_7_1,1.0
bit_pvalue,B_7_1,1.0
bit_infogain,B_7_0,1.0
bit_pvalue,B_7_0,1.0
bit_infogain,B_8_0,1.0
bit_pvalue,B_8_0,1.0
bit_infogain,B_9_4,1.0
bit_pvalue,B_9_4,1.0
bit_infogain,B_9_3,1.0
bit_pvalue,B_9_3,1.0
bit_infogain,B_9_2,1.0
bit_pvalue,B_9_2,1.0
bit_infogain,B_9_1,1.0
bit_pvalue,B_9_1,1.0
bit_infogain,B_9_0,1.0
bit_pvalue,B_9_0,1.0
bit_infogain,B_10_1,1.0
bit_pvalue,B_10_1,1.0
bit_infogain,B_10_0,1.0
bit_pvalue,B_10_0,1.0
bit_infogain,B_11_1,1.0
bit_pvalue,B_11_1,1.0
bit_infogain,B_11_0,1.0
bit_pvalue,B_11_0,1.0
bit_infogain,B_12_1,1.0
bit_pvalue,B_12_1,1.0
bit_infogain,B_12_0,1.0
bit_pvalue,B_12_0,1.0
