dataset,n_trees,budget,selector,backend,sample_idx,true_class,certified_class,label,targeted_radius,is_untargeted_min,flipped_bits,flipped_features,escape_radius,escape_bits,escape_features
cloud,13,100000,modal_var,autoref,0,2,0,0,0.0,0,,,1.0,B_3_5,3
cloud,13,100000,modal_var,autoref,0,2,0,1,2.0,0,B_5_2|B_6_4,5|6,1.0,B_3_5,3
cloud,13,100000,modal_var,autoref,0,2,0,2,1.0,1,B_0_5,0,1.0,B_3_5,3
cloud,13,100000,modal_var,autoref,0,2,0,3,2.0,0,B_3_4|B_6_1,3|6,1.0,B_3_5,3
cloud,13,100000,modal_var,autoref,1,3,2,0,2.0,0,B_6_2|B_6_3,6,1.0,B_6_4,6
cloud,13,100000,modal_var,autoref,1,3,2,1,1.0,1,B_5_4,5,1.0,B_6_4,6
cloud,13,100000,modal_var,autoref,1,3,2,2,0.0,0,,,1.0,B_6_4,6
cloud,13,100000,modal_var,autoref,1,3,2,3,1.0,1,B_6_4,6,1.0,B_6_4,6
cloud,13,100000,modal_var,autoref,2,1,,0,1.0,1,B_3_4,3,,,
cloud,13,100000,modal_var,autoref,2,1,,1,1.0,1,B_5_4,5,,,
cloud,13,100000,modal_var,autoref,2,1,,2,1.0,1,B_0_5,0,,,
cloud,13,100000,modal_var,autoref,2,1,,3,2.0,0,B_3_1|B_6_1,3|6,,,
cloud,13,100000,modal_var,autoref,3,3,3,0,2.0,0,B_0_4|B_2_2,0|2,1.0,B_0_5,0
cloud,13,100000,modal_var,autoref,3,3,3,1,1.0,1,B_6_2,6,1.0,B_0_5,0
cloud,13,100000,modal_var,autoref,3,3,3,2,1.0,1,B_0_5,0,1.0,B_0_5,0
cloud,13,100000,modal_var,autoref,3,3,3,3,0.0,0,,,1.0,B_0_5,0
cloud,13,100000,modal_var,autoref,4,2,2,0,1.0,1,B_0_5,0,1.0,B_6_4,6
cloud,13,100000,modal_var,autoref,4,2,2,1,2.0,0,B_0_5|B_5_4,0|5,1.0,B_6_4,6
cloud,13,100000,modal_var,autoref,4,2,2,2,0.0,0,,,1.0,B_6_4,6
cloud,13,100000,modal_var,autoref,4,2,2,3,1.0,1,B_6_4,6,1.0,B_6_4,6
cloud,13,100000,modal_var,autoref,5,1,1,0,2.0,0,B_5_3|B_6_4,5|6,1.0,B_6_4,6
cloud,13,100000,modal_var,autoref,5,1,1,1,0.0,0,,,1.0,B_6_4,6
cloud,13,100000,modal_var,autoref,5,1,1,2,1.0,1,B_3_5,3,1.0,B_6_4,6
cloud,13,100000,modal_var,autoref,5,1,1,3,1.0,1,B_6_4,6,1.0,B_6_4,6
cloud,13,100000,modal_var,autoref,6,0,2,0,1.0,1,B_2_5,2,1.0,B_6_4,6
cloud,13,100000,modal_var,autoref,6,0,2,1,1.0,1,B_2_3,2,1.0,B_6_4,6
cloud,13,100000,modal_var,autoref,6,0,2,2,0.0,0,,,1.0,B_6_4,6
cloud,13,100000,modal_var,autoref,6,0,2,3,1.0,1,B_6_4,6,1.0,B_6_4,6
cloud,13,100000,modal_var,autoref,7,1,2,0,1.0,1,B_6_2,6,1.0,B_6_4,6
cloud,13,100000,modal_var,autoref,7,1,2,1,1.0,1,B_2_5,2,1.0,B_6_4,6
cloud,13,100000,modal_var,autoref,7,1,2,2,0.0,0,,,1.0,B_6_4,6
cloud,13,100000,modal_var,autoref,7,1,2,3,2.0,0,B_6_1|B_6_4,6,1.0,B_6_4,6
cloud,13,100000,modal_var,autoref,8,3,,0,2.0,0,B_1_0|B_5_3,1|5,,,
cloud,13,100000,modal_var,autoref,8,3,,1,1.0,1,B_0_5,0,,,
cloud,13,100000,modal_var,autoref,8,3,,2,1.0,1,B_0_0,0,,,
cloud,13,100000,modal_var,autoref,8,3,,3,1.0,1,B_6_4,6,,,
cloud,13,100000,modal_var,autoref,9,3,,0,1.0,1,B_6_3,6,,,
cloud,13,100000,modal_var,autoref,9,3,,1,1.0,1,B_0_4,0,,,
cloud,13,100000,modal_var,autoref,9,3,,2,1.0,1,B_0_3,0,,,
cloud,13,100000,modal_var,autoref,9,3,,3,1.0,1,B_6_4,6,,,
cloud,13,100000,modal_var,autoref,10,1,2,0,2.0,0,B_0_4|B_5_3,0|5,1.0,B_6_4,6
cloud,13,100000,modal_var,autoref,10,1,2,1,1.0,1,B_2_3,2,1.0,B_6_4,6
cloud,13,100000,modal_var,autoref,10,1,2,2,0.0,0,,,1.0,B_6_4,6
cloud,13,100000,modal_var,autoref,10,1,2,3,2.0,0,B_0_3|B_6_4,0|6,1.0,B_6_4,6
cloud,13,100000,modal_var,autoref,11,2,2,0,2.0,1,B_0_4|B_0_5,0,1.0,B_6_2,6
cloud,13,100000,modal_var,autoref,11,2,2,1,3.0,0,B_0_4|B_2_3|B_4_4,0|2|4,1.0,B_6_2,6
cloud,13,100000,modal_var,autoref,11,2,2,2,0.0,0,,,1.0,B_6_2,6
cloud,13,100000,modal_var,autoref,11,2,2,3,2.0,1,B_0_5|B_6_4,0|6,1.0,B_6_2,6
cloud,13,100000,modal_var,autoref,12,1,1,0,2.0,0,B_5_5|B_6_5,5|6,1.0,B_6_5,6
cloud,13,100000,modal_var,autoref,12,1,1,1,0.0,0,,,1.0,B_6_5,6
cloud,13,100000,modal_var,autoref,12,1,1,2,1.0,1,B_4_3,4,1.0,B_6_5,6
cloud,13,100000,modal_var,autoref,12,1,1,3,2.0,0,B_0_5|B_6_5,0|6,1.0,B_6_5,6
cloud,13,100000,modal_var,autoref,13,2,,0,1.0,1,B_5_5,5,,,
cloud,13,100000,modal_var,autoref,13,2,,1,1.0,1,B_2_5,2,,,
cloud,13,100000,modal_var,autoref,13,2,,2,1.0,1,B_6_3,6,,,
cloud,13,100000,modal_var,autoref,13,2,,3,2.0,0,B_2_5|B_6_5,2|6,,,
cloud,13,100000,modal_var,autoref,14,0,2,0,1.0,1,B_5_3,5,1.0,B_6_4,6
cloud,13,100000,modal_var,autoref,14,0,2,1,1.0,1,B_0_3,0,1.0,B_6_4,6
cloud,13,100000,modal_var,autoref,14,0,2,2,0.0,0,,,1.0,B_6_4,6
cloud,13,100000,modal_var,autoref,14,0,2,3,1.0,1,B_6_4,6,1.0,B_6_4,6
cloud,13,100000,modal_var,autoref,15,0,2,0,2.0,0,B_0_4|B_5_3,0|5,1.0,B_6_4,6
cloud,13,100000,modal_var,autoref,15,0,2,1,1.0,1,B_2_3,2,1.0,B_6_4,6
cloud,13,100000,modal_var,autoref,15,0,2,2,0.0,0,,,1.0,B_6_4,6
cloud,13,100000,modal_var,autoref,15,0,2,3,1.0,1,B_6_4,6,1.0,B_6_4,6
cloud,13,100000,modal_var,autoref,16,0,0,0,0.0,0,,,1.0,B_6_5,6
cloud,13,100000,modal_var,autoref,16,0,0,1,2.0,0,B_2_5|B_5_4,2|5,1.0,B_6_5,6
cloud,13,100000,modal_var,autoref,16,0,0,2,1.0,1,B_0_5,0,1.0,B_6_5,6
cloud,13,100000,modal_var,autoref,16,0,0,3,1.0,1,B_6_5,6,1.0,B_6_5,6
cloud,13,100000,modal_var,autoref,17,0,,0,1.0,1,B_3_4,3,,,
cloud,13,100000,modal_var,autoref,17,0,,1,1.0,1,B_2_5,2,,,
cloud,13,100000,modal_var,autoref,17,0,,2,1.0,1,B_6_3,6,,,
cloud,13,100000,modal_var,autoref,17,0,,3,1.0,1,B_6_4,6,,,
cloud,13,100000,modal_var,autoref,18,1,1,0,1.0,1,B_5_4,5,1.0,B_6_4,6
cloud,13,100000,modal_var,autoref,18,1,1,1,0.0,0,,,1.0,B_6_4,6
cloud,13,100000,modal_var,autoref,18,1,1,2,1.0,1,B_6_3,6,1.0,B_6_4,6
cloud,13,100000,modal_var,autoref,18,1,1,3,1.0,1,B_6_4,6,1.0,B_6_4,6
cloud,13,100000,modal_var,autoref,19,2,0,0,0.0,0,,,1.0,B_6_5,6
cloud,13,100000,modal_var,autoref,19,2,0,1,1.0,1,B_2_5,2,1.0,B_6_5,6
cloud,13,100000,modal_var,autoref,19,2,0,2,1.0,1,B_5_4,5,1.0,B_6_5,6
cloud,13,100000,modal_var,autoref,19,2,0,3,2.0,0,B_2_5|B_6_5,2|6,1.0,B_6_5,6
cloud,13,100000,modal_var,autoref,20,3,2,0,1.0,1,B_6_5,6,1.0,B_6_4,6
cloud,13,100000,modal_var,autoref,20,3,2,1,1.0,1,B_2_5,2,1.0,B_6_4,6
cloud,13,100000,modal_var,autoref,20,3,2,2,0.0,0,,,1.0,B_6_4,6
cloud,13,100000,modal_var,autoref,20,3,2,3,2.0,0,B_2_5|B_6_4,2|6,1.0,B_6_4,6
cloud,13,100000,modal_var,autoref,21,2,0,0,0.0,0,,,1.0,B_6_5,6
cloud,13,100000,modal_var,autoref,21,2,0,1,1.0,1,B_2_5,2,1.0,B_6_5,6
cloud,13,100000,modal_var,autoref,21,2,0,2,1.0,1,B_5_5,5,1.0,B_6_5,6
cloud,13,100000,modal_var,autoref,21,2,0,3,1.0,1,B_6_5,6,1.0,B_6_5,6
