dataset,n_classes,n_features,n_train,n_test,n_trees,max_depth,total_cells,max_cells,n_input_bits,test_acc
ann-thyroid,3,21,5760,1440,100,9,965,226,61,0.9951
appendicitis,2,7,84,22,68,6,206,42,38,0.9091
banknote,2,4,1097,275,44,10,804,224,32,0.9964
biodegradation,2,41,844,211,88,10,3640,269,206,0.8578
breast-cancer,2,9,228,58,64,3,47,12,22,0.7759
breast-cancer-wisconsin,2,30,455,114,40,9,580,40,137,0.9561
bupa,2,6,276,69,98,8,444,127,37,0.7536
cloud,4,7,86,22,44,10,602,120,43,0.3636
diabetes,2,8,614,154,68,8,840,218,52,0.7143
ecoli,5,7,261,66,39,9,362,78,36,0.8788
factors,10,216,1600,400,44,10,2524,41,816,0.9525
fourier,10,76,1600,400,90,8,6750,311,501,0.815
glass,5,9,164,41,67,9,701,117,60,0.7805
glass2,2,9,130,33,12,5,89,16,29,0.8485
haberman,2,3,244,62,44,4,90,47,15,0.629
heart-c,2,13,242,61,33,4,147,32,37,0.7869
heart-h,2,13,235,59,39,4,136,41,34,0.8475
heart-sa,2,9,369,93,48,4,319,59,45,0.6882
ionosphere,2,34,280,71,70,6,667,40,152,0.9577
iris,3,4,120,30,26,5,47,18,16,0.9333
karhunen,10,64,1600,400,96,10,14141,587,520,0.965
letter,26,16,16000,4000,100,10,375,30,80,0.9038
lupus,2,3,69,18,28,4,45,23,13,0.8889
magic,2,10,15216,3804,44,10,9450,1199,104,0.8754
mammo,2,13,768,193,12,5,26,2,13,0.7876
messidor,2,19,920,231,64,10,2525,266,122,0.7316
mofn-3-7-10,2,10,1059,265,75,10,20,2,10,0.9774
new-thyroid,3,5,172,43,51,8,190,48,28,1.0
pendigits,10,16,8793,2199,44,10,2670,185,126,0.9804
phoneme,2,5,4323,1081,56,10,7158,1540,55,0.8862
pima,2,8,614,154,16,9,522,111,51,0.7468
ring,2,20,5920,1480,82,10,5872,348,178,0.9324
segmentation,7,19,168,42,75,6,924,92,101,0.881
seismic_bumps,2,18,2067,517,88,7,1376,390,67,0.9342
shuttle,7,9,46400,11600,19,10,384,98,52,0.9996
sonar,2,60,166,42,61,6,548,25,206,0.7381
spambase,2,57,3680,921,91,10,6561,455,385,0.9392
spect,2,22,213,54,53,9,44,2,22,0.7778
spectf,2,44,213,54,10,7,123,5,66,0.8148
texture,11,40,4400,1100,89,10,9874,464,335,0.9773
threeOf9,2,9,409,103,44,8,18,2,9,1.0
twonorm,2,20,5920,1480,80,9,16564,870,200,0.9696
vehicle,4,18,676,170,59,10,1063,155,110,0.7294
vowel,11,13,792,198,95,10,7878,1026,108,0.9545
waveform-21,3,21,4000,1000,69,9,11338,680,203,0.831
waveform-40,3,40,4000,1000,60,10,12048,508,337,0.864
wdbc,2,30,455,114,40,9,580,40,137,0.9561
wine-quality-red,6,11,1279,320,93,10,3123,798,92,0.7094
wine-quality-white,7,11,3918,980,53,10,3734,1111,95,0.6143
wine-recog,3,13,142,36,24,4,131,19,47,0.9722
wine-recognition,3,13,142,36,24,4,131,19,47,0.9722
wpbc,2,33,155,39,35,8,392,24,128,0.7949
xd6,2,9,778,195,44,9,18,2,9,1.0
zernike,10,47,1600,400,39,9,5512,216,346,0.745
