dataset,status,n_trees,n_input_bits,n_classes,certified_total,certified_frac,top_infogain,top_pvalue,top_shapley,runtime_s
banknote,ok,44,32,2,4257409517,0.9912553981412202,B_2_0|B_3_0|B_3_2|B_3_1|B_0_0,B_0_7|B_0_6|B_0_5|B_0_4|B_0_3,B_1_3|B_2_6|B_1_0|B_2_7|B_2_3,237.45
breast-cancer,ok,64,22,2,4122490,0.9828782081604004,B_5_0|B_7_1|B_3_2|B_2_2|B_3_1,B_0_2|B_0_1|B_4_1|B_5_1|B_6_0,B_5_1|B_4_1|B_6_0|B_2_3|B_3_3,5.17
appendicitis,ok,68,38,2,274477787832,0.9985443751502316,B_5_0|B_5_1|B_2_0|B_1_0|B_3_1,B_0_5|B_0_4|B_0_3|B_0_2|B_0_1,B_5_0|B_5_1|B_2_0|B_1_0|B_3_1,268.3
ann-thyroid,timeout 300s,9,,,,,,,,300.01
biodegradation,timeout 300s,2,,,,,,,,300.01
bupa,ok,27,36,2,68719476736,1.0,B_0_4|B_0_3|B_0_2|B_0_1|B_0_0,B_0_4|B_0_3|B_0_2|B_0_1|B_0_0,B_0_4|B_0_3|B_0_2|B_0_1|B_0_0,120.64
diabetes,ok,17,47,2,140737488355328,1.0,B_0_3|B_0_2|B_0_1|B_0_0|B_1_5,B_0_3|B_0_2|B_0_1|B_0_0|B_1_5,B_0_3|B_0_2|B_0_1|B_0_0|B_1_5,123.38
breast-cancer-wisconsin,timeout 300s,6,,,,,,,,300.01
cloud,timeout 300s,13,,,,,,,,300.01
ecoli,timeout 300s,25,,,,,,,,300.0
glass2,ok,12,29,2,493575629,0.9193562511354685,B_8_0|B_4_2|B_0_0|B_0_1|B_4_0,B_0_3|B_0_2|B_0_1|B_0_0|B_1_2,B_6_3|B_2_2|B_2_3|B_6_1|B_1_2,5.95
haberman,ok,44,15,2,30850,0.94146728515625,B_0_0|B_2_0|B_2_1|B_2_2|B_1_0,B_2_3|B_0_5|B_0_4|B_0_3|B_1_3,B_0_5|B_2_3|B_0_4|B_1_2|B_0_3,1.8
factors,timeout 300s,2,,,,,,,,300.01
heart-h,ok,39,34,2,17179869184,1.0,B_0_4|B_0_3|B_0_2|B_0_1|B_0_0,B_0_4|B_0_3|B_0_2|B_0_1|B_0_0,B_0_4|B_0_3|B_0_2|B_0_1|B_0_0,11.2
heart-c,ok,33,37,2,137438953472,1.0,B_0_4|B_0_3|B_0_2|B_0_1|B_0_0,B_0_4|B_0_3|B_0_2|B_0_1|B_0_0,B_0_4|B_0_3|B_0_2|B_0_1|B_0_0,99.81
heart-sa,ok,25,42,2,4398046511104,1.0,B_0_4|B_0_3|B_0_2|B_0_1|B_0_0,B_0_4|B_0_3|B_0_2|B_0_1|B_0_0,B_0_4|B_0_3|B_0_2|B_0_1|B_0_0,63.22
iris,ok,26,16,3,56144,0.856689453125,B_1_0|B_0_0|B_0_2|B_2_1|B_0_3,B_3_1|B_3_3|B_3_2|B_2_3|B_2_2,B_3_1|B_1_2|B_1_1|B_0_1|B_2_4,2.3
fourier,timeout 300s,3,,,,,,,,300.06
letter,non compilabile,,,,,,,,,
lupus,ok,28,13,2,7989,0.9752197265625,B_1_1|B_2_0|B_1_3|B_1_0|B_2_3,B_0_4|B_0_3|B_0_0|B_0_2|B_1_2,B_2_1|B_2_2|B_0_1|B_2_3|B_1_1,1.11
ionosphere,ok,9,67,2,147573952589676412928,1.0,B_0_0|B_2_2|B_2_1|B_2_0|B_3_3,B_0_0|B_2_2|B_2_1|B_2_0|B_3_3,(saltato: 67 bit > 60),86.41
mammo,ok,12,13,2,7374,0.900146484375,B_0_0|B_1_0|B_4_0|B_6_0|B_12_0,B_8_0|B_10_0|B_2_0|B_3_0|B_7_0,B_8_0|B_10_0|B_2_0|B_3_0|B_4_0,1.03
glass,timeout 300s,13,,,,,,,,300.01
mofn-3-7-10,ok,75,10,2,1024,1.0,B_0_0|B_1_0|B_2_0|B_3_0|B_4_0,B_0_0|B_1_0|B_2_0|B_3_0|B_4_0,B_0_0|B_1_0|B_2_0|B_3_0|B_4_0,3.33
messidor,ok,5,74,2,18889465931478580854784,1.0,B_2_4|B_2_3|B_2_2|B_2_1|B_2_0,B_2_4|B_2_3|B_2_2|B_2_1|B_2_0,(saltato: 74 bit > 60),129.2
pendigits,ok,1,70,10,1180591620717411303424,1.0,B_0_3|B_0_2|B_0_1|B_0_0|B_1_3,B_0_3|B_0_2|B_0_1|B_0_0|B_1_3,(saltato: 70 bit > 60),20.31
new-thyroid,ok,51,28,3,247964550,0.9237399324774742,B_3_0|B_2_2|B_3_2|B_4_2|B_2_0,B_0_4|B_0_3|B_0_2|B_0_1|B_0_0,B_2_4|B_2_3|B_1_5|B_3_5|B_1_4,135.44
magic,ok,3,65,2,36893488147419103232,1.0,B_0_6|B_0_5|B_0_4|B_0_3|B_0_2,B_0_6|B_0_5|B_0_4|B_0_3|B_0_2,(saltato: 65 bit > 60),238.34
karhunen,timeout 300s,2,,,,,,,,300.02
pima,ok,9,47,2,140737488355328,1.0,B_0_4|B_0_3|B_0_2|B_0_1|B_0_0,B_0_4|B_0_3|B_0_2|B_0_1|B_0_0,B_0_4|B_0_3|B_0_2|B_0_1|B_0_0,186.81
phoneme,ok,9,45,2,35184372088832,1.0,B_0_8|B_0_7|B_0_6|B_0_5|B_0_4,B_0_8|B_0_7|B_0_6|B_0_5|B_0_4,B_0_8|B_0_7|B_0_6|B_0_5|B_0_4,200.74
seismic_bumps,ok,29,60,2,1152921504606846976,1.0,B_0_0|B_1_1|B_1_0|B_2_0|B_3_7,B_0_0|B_1_1|B_1_0|B_2_0|B_3_7,B_0_0|B_1_1|B_1_0|B_2_0|B_3_7,101.19
sonar,ok,11,75,2,37778931862957161709568,1.0,B_0_1|B_0_0|B_1_1|B_1_0|B_2_0,B_0_1|B_0_0|B_1_1|B_1_0|B_2_0,(saltato: 75 bit > 60),45.38
ring,timeout 300s,4,,,,,,,,300.02
spect,ok,53,22,2,4194304,1.0,B_0_0|B_1_0|B_2_0|B_3_0|B_4_0,B_0_0|B_1_0|B_2_0|B_3_0|B_4_0,B_0_0|B_1_0|B_2_0|B_3_0|B_4_0,4.95
segmentation,timeout 300s,6,,,,,,,,300.01
texture,non compilabile,,,,,,,,,
threeOf9,ok,44,9,2,512,1.0,B_0_0|B_1_0|B_2_0|B_3_0|B_4_0,B_0_0|B_1_0|B_2_0|B_3_0|B_4_0,B_0_0|B_1_0|B_2_0|B_3_0|B_4_0,1.3
twonorm,ok,1,80,2,1208925819614629174706176,1.0,B_0_2|B_0_1|B_0_0|B_1_3|B_1_2,B_0_2|B_0_1|B_0_0|B_1_3|B_1_2,(saltato: 80 bit > 60),25.27
spectf,ok,10,66,2,71374105449782312960,0.9672995023482933,B_7_0|B_13_0|B_17_0|B_23_0|B_34_0,B_0_0|B_3_0|B_4_1|B_4_0|B_5_0,(saltato: 66 bit > 60),99.83
shuttle,timeout 300s,11,,,,,,,,300.03
waveform-21,ok,1,76,3,75557863725914323419136,1.0,B_0_2|B_0_1|B_0_0|B_1_3|B_1_2,B_0_2|B_0_1|B_0_0|B_1_3|B_1_2,(saltato: 76 bit > 60),7.09
waveform-40,ok,1,117,3,166153499473114484112975882535043072,1.0,B_0_1|B_0_0|B_1_1|B_1_0|B_2_3,B_0_1|B_0_0|B_1_1|B_1_0|B_2_3,(saltato: 117 bit > 60),35.97
spambase,timeout 300s,2,,,,,,,,300.02
vehicle,timeout 300s,5,,,,,,,,300.02
wine-quality-red,ok,1,51,6,2251799813685248,1.0,B_0_4|B_0_3|B_0_2|B_0_1|B_0_0,B_0_4|B_0_3|B_0_2|B_0_1|B_0_0,B_0_4|B_0_3|B_0_2|B_0_1|B_0_0,64.05
vowel,timeout 300s,3,,,,,,,,300.0
wdbc,timeout 300s,6,,,,,,,,300.0
wine-quality-white,ok,1,55,7,36028797018963968,1.0,B_0_4|B_0_3|B_0_2|B_0_1|B_0_0,B_0_4|B_0_3|B_0_2|B_0_1|B_0_0,B_0_4|B_0_3|B_0_2|B_0_1|B_0_0,266.27
xd6,ok,44,9,2,512,1.0,B_0_0|B_1_0|B_2_0|B_3_0|B_4_0,B_0_0|B_1_0|B_2_0|B_3_0|B_4_0,B_0_0|B_1_0|B_2_0|B_3_0|B_4_0,1.86
zernike,ok,1,91,10,2475880078570760549798248448,1.0,B_0_1|B_0_0|B_1_1|B_1_0|B_3_0,B_0_1|B_0_0|B_1_1|B_1_0|B_3_0,(saltato: 91 bit > 60),2.92
wine-recog,timeout 300s,24,,,,,,,,300.0
wine-recognition,timeout 300s,24,,,,,,,,300.02
wpbc,timeout 300s,10,,,,,,,,300.0
