dataset,n_trees,n_trees_full,budget,selector,status,n_samples,n_certified,untargeted_min,untargeted_median,untargeted_max,escape_min,escape_median,escape_max,runtime_s
banknote,44,44,100000,modal_var,ok,50,50,1.0,1.0,2.0,1.0,1.0,2.0,46.58
appendicitis,68,68,100000,infogain,ok,22,22,1.0,4.0,6.0,1.0,4.0,6.0,48.45
breast-cancer,64,64,100000,infogain,ok,50,50,1.0,2.5,4.0,1.0,2.5,3.0,3.48
biodegradation,2,88,1000,infogain,ok,50,36,1.0,2.0,3.0,1.0,1.0,2.0,51.69
breast-cancer-wisconsin,6,40,100000,modal_var,ok,50,48,1.0,3.0,4.0,1.0,2.0,3.0,48.95
diabetes,17,68,100000,infogain,ok,50,50,1.0,1.0,3.0,1.0,1.0,3.0,180.66
bupa,27,98,100000,modal_var,ok,50,50,1.0,1.0,2.0,1.0,1.0,2.0,242.73
cloud,13,44,100000,modal_var,ok,22,17,1.0,1.0,2.0,1.0,1.0,1.0,242.41
ann-thyroid,9,100,100000,infogain,ok,50,50,1.0,1.0,3.0,1.0,1.0,2.0,370.45
ecoli,25,39,100000,infogain,ok,50,48,1.0,1.0,2.0,1.0,1.0,2.0,176.76
glass2,12,12,10000,infogain,ok,33,31,1.0,1.0,2.0,1.0,1.0,2.0,0.78
haberman,44,44,10000,infogain,ok,50,50,1.0,1.0,2.0,1.0,1.0,2.0,1.09
heart-c,33,33,100000,modal_var,ok,50,50,1.0,2.0,3.0,1.0,2.0,3.0,154.92
heart-h,39,39,100000,infogain,ok,50,50,1.0,3.0,4.0,1.0,3.0,4.0,10.36
fourier,3,90,100000,modal_var,ok,50,38,1.0,1.0,3.0,1.0,1.0,2.0,386.66
glass,13,67,100000,infogain,ok,41,37,1.0,1.0,2.0,1.0,1.0,2.0,348.24
iris,26,26,10000,infogain,ok,30,29,1.0,1.0,2.0,1.0,1.0,1.0,1.69
ionosphere,9,70,100000,modal_var,ok,50,50,1.0,2.0,4.0,1.0,2.0,4.0,72.49
letter,,,,,non compilabile,,,,,,,,,
heart-sa,25,48,100000,infogain,ok,50,50,1.0,1.5,2.0,1.0,1.5,2.0,128.47
lupus,28,28,1000,infogain,ok,18,18,1.0,2.0,4.0,1.0,2.0,3.0,0.55
mammo,12,12,1000,infogain,ok,50,50,1.0,1.0,3.0,1.0,1.0,2.0,0.42
factors,2,44,10000,modal_var,timeout 600s,,,,,,,,,600.02
mofn-3-7-10,75,75,1000,infogain,ok,50,50,1.0,1.5,4.0,1.0,1.5,4.0,2.95
messidor,5,64,100000,modal_var,ok,50,50,1.0,1.0,3.0,1.0,1.0,3.0,154.53
pendigits,1,44,1000,infogain,ok,50,50,1.0,1.0,1.0,1.0,1.0,1.0,50.42
new-thyroid,51,51,100000,infogain,ok,43,43,1.0,1.0,2.0,1.0,1.0,2.0,65.64
magic,3,44,100000,modal_var,ok,50,50,1.0,1.0,3.0,1.0,1.0,3.0,284.77
ring,4,82,100000,infogain,ok,50,47,1.0,2.0,4.0,1.0,1.0,3.0,66.62
phoneme,9,56,100000,modal_var,ok,50,50,1.0,1.0,2.0,1.0,1.0,2.0,181.76
pima,9,16,100000,shapley,ok,50,50,1.0,1.0,2.0,1.0,1.0,2.0,200.62
segmentation,6,75,100000,modal_var,ok,42,36,1.0,2.0,3.0,1.0,1.0,2.0,144.22
karhunen,2,96,10000,infogain,timeout 600s,,,,,,,,,600.01
seismic_bumps,29,88,100000,shapley,ok,50,50,3.0,6.0,8.0,3.0,6.0,8.0,180.72
spect,53,53,100000,infogain,ok,50,50,1.0,3.0,9.0,1.0,3.0,9.0,4.31
spectf,10,10,100000,random_node,ok,50,48,1.0,4.0,11.0,1.0,3.0,9.0,17.41
texture,,,,,non compilabile,,,,,,,,,
threeOf9,44,44,1000,infogain,ok,50,50,1.0,1.0,1.0,1.0,1.0,1.0,0.78
twonorm,1,80,1000,infogain,ok,50,50,1.0,1.0,2.0,1.0,1.0,2.0,17.25
sonar,11,61,100000,modal_var,ok,42,42,1.0,2.0,5.0,1.0,2.0,5.0,117.61
vowel,3,95,100000,infogain,ok,50,41,1.0,1.0,1.0,1.0,1.0,1.0,218.24
waveform-21,1,69,1000,shapley,ok,50,50,1.0,1.0,1.0,1.0,1.0,1.0,7.24
shuttle,11,19,100000,infogain,ok,50,50,1.0,1.0,2.0,1.0,1.0,2.0,445.05
spambase,2,91,100000,infogain,ok,50,43,1.0,2.0,4.0,1.0,1.0,1.0,303.38
waveform-40,1,60,1000,shapley,ok,50,50,1.0,1.0,1.0,1.0,1.0,1.0,43.2
wdbc,6,40,100000,modal_var,ok,50,48,1.0,3.0,4.0,1.0,2.0,3.0,46.59
wine-quality-red,1,93,1000,shapley,ok,50,50,1.0,1.0,1.0,1.0,1.0,1.0,93.69
vehicle,5,59,100000,modal_var,ok,50,47,1.0,1.0,2.0,1.0,1.0,2.0,407.84
wpbc,10,35,100000,modal_var,ok,39,38,1.0,3.0,5.0,1.0,2.0,4.0,95.89
xd6,44,44,1000,infogain,ok,50,50,1.0,1.0,2.0,1.0,1.0,2.0,1.2
zernike,1,39,1000,infogain,ok,50,50,1.0,1.0,1.0,1.0,1.0,1.0,5.33
wine-recog,24,24,100000,modal_var,ok,36,36,1.0,2.0,4.0,1.0,2.0,3.0,265.44
wine-recognition,24,24,100000,modal_var,ok,36,36,1.0,2.0,4.0,1.0,2.0,3.0,265.3
wine-quality-white,1,53,100000,random_node,ok,50,50,1.0,1.0,1.0,1.0,1.0,1.0,414.56
